SNP	CHR	BP	A2	A1	BETA	P
rs139644294	19.0	44899618.0	ATT	A	-0.2252	1.5299999999999998e-94
rs6656401	1.0	207518704.0	A	G	-0.1253	2.837e-33
rs12151021	19.0	1050875.0	A	G	-0.1055	4.089e-30
rs10166461	2.0	127101837.0	G	A	-0.1077	3.3160000000000003e-25
rs1582763	11.0	60254475.0	G	A	-0.086	1.654e-24
rs6605556	6.0	32615322.0	A	G	-0.0975	1.049e-17
rs11769559	7.0	143414203.0	T	C	-0.0695	3.997e-16
rs6014724	20.0	56423488.0	A	G	-0.1176	4.837e-16
rs2906657	7.0	100386466.0	T	C	-0.0709	1.442e-15
rs12590654	14.0	92472511.0	G	A	-0.0693	2.077e-15
rs4944549	11.0	85941208.0	C	T	-0.0916	2.169e-15
rs11218343	11.0	121564878.0	T	C	-0.1654	1.01e-14
rs2640724	8.0	27558059.0	G	A	-0.0728	3.856e-14
rs6846529	4.0	11023507.0	C	T	-0.0673	1.252e-13
rs7737911	5.0	86994384.0	C	T	-0.0728	4.043e-13
rs1385742	6.0	47627419.0	A	T	-0.0624	4.686e-13
rs616338	17.0	49219935.0	T	C	-0.2944	5.379e-13
rs74222529	2.0	233159360.0	C	T	-0.059	8.894e-13
rs9394766	6.0	41192063.0	A	G	-0.0616	3.268e-12
rs1140239	16.0	30010081.0	C	T	-0.0592	4.613e-12
rs4330	17.0	63486300.0	C	A	-0.0565	4.693e-12
rs602602	15.0	58764824.0	T	A	-0.062	9.654e-12
rs9931998	16.0	81738931.0	G	A	-0.0603	3.626e-11
rs7225002	17.0	46111701.0	A	G	-0.0537	1.783e-10
rs934631	17.0	5172543.0	C	A	-0.0816	2.491e-10
rs35255119	15.0	63350744.0	GT	G	-0.0602	5.345e-10
rs78924645	16.0	31143037.0	G	A	-0.0565	7.711e-10
rs3824869	11.0	47356694.0	T	C	-0.0514	1.07e-09
rs2830489	21.0	26775872.0	C	T	-0.0547	1.718e-09
rs74504435	7.0	54881563.0	A	G	-0.0842	2.046e-09
rs8009444	14.0	105728124.0	G	A	-0.0663	2.529e-09
rs199456	17.0	46720553.0	C	T	-0.0593	2.571e-09
rs469420	21.0	26169626.0	A	G	-0.0486	3.018e-09
rs6572868	14.0	52858372.0	C	T	-0.0799	3.662e-09
rs149080927	19.0	1854254.0	G	GC	-0.0535	6.143e-09
rs2680700	17.0	58363181.0	G	T	-0.0482	9.901e-09
rs2070902	1.0	161217875.0	C	T	-0.0537	1.048e-08
rs67250450	7.0	28135367.0	T	C	-0.0559	2.019e-08
rs10994096	10.0	59970208.0	T	G	-0.0463	2.742e-08
rs2009833	15.0	49901356.0	G	A	-0.0478	3.112e-08
rs3740204	10.0	11463176.0	A	G	-0.0496	3.42e-08
rs587709	19.0	54267597.0	C	T	-0.0548	3.877e-08
